{"cameraMode":{"drawMode":0,"name":"Shaded","section":"Shading Mode"},"sceneLighting":true,"audioPlay":false,"sceneViewState":{"m_AlwaysRefresh":false,"showFog":true,"showSkybox":true,"showFlares":true,"showImageEffects":true,"showParticleSystems":true,"showVisualEffectGraphs":true,"m_FxEnabled":true},"in2DMode":false,"pivot":{"x":-1.2220349311828614,"y":5.200866222381592,"z":-2.223201036453247},"rotation":{"x":-0.014704461209475994,"y":0.9254525303840637,"z":-0.036111000925302508,"w":-0.37685006856918337},"size":4.704385757446289,"orthographic":false}