{"cameraMode":{"drawMode":0,"name":"Shaded","section":"Shading Mode"},"sceneLighting":true,"audioPlay":false,"sceneViewState":{"m_AlwaysRefresh":false,"showFog":true,"showSkybox":true,"showFlares":true,"showImageEffects":true,"showParticleSystems":true,"showVisualEffectGraphs":true,"m_FxEnabled":true},"in2DMode":false,"pivot":{"x":9.978071212768555,"y":-0.9730640649795532,"z":16.792377471923829},"rotation":{"x":0.05055367946624756,"y":0.26780733466148379,"z":-0.014072815887629986,"w":0.9620422124862671},"size":17.881013870239259,"orthographic":false}