{"cameraMode":{"drawMode":0,"name":"Shaded","section":"Shading Mode"},"sceneLighting":true,"audioPlay":false,"sceneViewState":{"m_AlwaysRefresh":false,"showFog":true,"showSkybox":true,"showFlares":true,"showImageEffects":true,"showParticleSystems":true,"showVisualEffectGraphs":true,"m_FxEnabled":true},"in2DMode":false,"pivot":{"x":-0.8539203405380249,"y":3.573136806488037,"z":-2.3293983936309816},"rotation":{"x":-0.009548630565404892,"y":0.941801905632019,"z":-0.026848698034882547,"w":-0.3349560499191284},"size":2.6043856143951418,"orthographic":false}