{"cameraMode":{"drawMode":0,"name":"Shaded","section":"Shading Mode"},"sceneLighting":true,"audioPlay":false,"sceneViewState":{"m_AlwaysRefresh":false,"showFog":true,"showSkybox":true,"showFlares":true,"showImageEffects":true,"showParticleSystems":true,"showVisualEffectGraphs":true,"m_FxEnabled":true},"in2DMode":false,"pivot":{"x":12.468003273010254,"y":0.32151782512664797,"z":17.91817283630371},"rotation":{"x":0.0475548654794693,"y":0.132951021194458,"z":-0.006386371795088053,"w":0.9899623394012451},"size":17.906896591186525,"orthographic":false}