{"cameraMode":{"drawMode":0,"name":"Shaded","section":"Shading Mode"},"sceneLighting":true,"audioPlay":false,"sceneViewState":{"m_AlwaysRefresh":false,"showFog":true,"showSkybox":true,"showFlares":true,"showImageEffects":true,"showParticleSystems":true,"showVisualEffectGraphs":true,"m_FxEnabled":true},"in2DMode":false,"pivot":{"x":1.4111095666885377,"y":0.7389890551567078,"z":-1.5633509159088135},"rotation":{"x":-0.06490897387266159,"y":0.8738147616386414,"z":-0.12163355201482773,"w":-0.46630600094795229},"size":15.400003433227539,"orthographic":false}